<?xml version="1.0" encoding="UTF-8"?>
<project-private xmlns="http://www.netbeans.org/ns/project-private/1">
    <editor-bookmarks xmlns="http://www.netbeans.org/ns/editor-bookmarks/2" lastBookmarkId="0"/>
    <open-files xmlns="http://www.netbeans.org/ns/projectui-open-files/2">
        <group>
            <file>file:/C:/Users/Dell-Pc/Downloads/Compressed/javaSwing-Server_Client/javaSwing-Server_Client/src/com/kunal/ChatClient.java</file>
            <file>file:/C:/Users/Dell-Pc/Downloads/Compressed/javaSwing-Server_Client/javaSwing-Server_Client/src/com/kunal/ClientServer.java</file>
            <file>file:/C:/Users/Dell-Pc/Downloads/Compressed/javaSwing-Server_Client/javaSwing-Server_Client/src/com/kunal/MultiThreadChatServerSync.java</file>
            <file>file:/C:/Users/Dell-Pc/Downloads/Compressed/javaSwing-Server_Client/javaSwing-Server_Client/src/com/kunal/clientThread.java</file>
        </group>
    </open-files>
</project-private>
